algorithm,workload,thread_count,write_ratio,runs,committed_tx_per_sec_mean,abort_rate_mean,retry_per_commit_mean,lock_fail_count_mean,validation_fail_count_mean,latency_us_p50_mean,tx_latency_us_p50_mean,tx_latency_us_p95_mean,tx_latency_us_p99_mean,committed_tx_latency_us_p50_mean,committed_tx_latency_us_p95_mean,committed_tx_latency_us_p99_mean,latency_sample_count_mean,hot_path_ratio_mean,server_queue_wait_us_p50_mean,server_queue_wait_us_p95_mean,server_queue_wait_us_p99_mean,queue_length_p95_mean,service_time_us_p95_mean
backoff_occ,ad_budget_read_heavy_dashboard,1,0.0,3,1055199.2666666666,0.0,0.0,0,0,0.49333333333333335,0.0,2.0,2.0,0.0,2.0,2.0,10000,0.0,0.0,0.0,0.0,0.0,0.0
backoff_occ,ad_budget_read_heavy_dashboard,2,0.0,3,1035016.6000000001,0.0,0.0,0,1347.6666666666667,0.6533333333333333,0.0,2.0,2.3333333333333335,0.0,2.0,2.3333333333333335,10000,0.0,0.0,0.0,0.0,0.0,0.0
backoff_occ,ad_budget_read_heavy_dashboard,4,0.0,3,916862.9333333333,0.0,0.0,0,7191,1.0733333333333333,0.0,2.0,2.0,0.0,2.0,2.0,10000,0.0,0.0,0.0,0.0,0.0,0.0
backoff_occ,flash_sale_spike,1,0.0,3,344699.1666666667,0.0,0.0,0,0,2.38,2.0,2.0,2.3333333333333335,2.0,2.0,2.3333333333333335,10000,0.0,0.0,0.0,0.0,0.0,0.0
backoff_occ,flash_sale_spike,2,0.0,3,339998.5,0.0,0.0,0,1995.3333333333333,2.5,2.0,2.0,22.0,2.0,2.0,22.0,10000,0.0,0.0,0.0,0.0,0.0,0.0
backoff_occ,flash_sale_spike,4,0.0,3,348396.9,0.0,0.0,0,2145.6666666666665,2.4566666666666666,2.0,2.0,7.666666666666667,2.0,2.0,7.666666666666667,10000,0.0,0.0,0.0,0.0,0.0,0.0
backoff_occ,high_hot16_write100,1,0.0,3,338907.1666666667,0.0,0.0,0,0,2.436666666666667,2.0,2.0,2.0,2.0,2.0,2.0,10000,0.0,0.0,0.0,0.0,0.0,0.0
backoff_occ,high_hot16_write100,2,0.0,3,299927.56666666665,0.0,0.0,0,4338,3.09,1.6666666666666667,2.3333333333333335,9.0,1.6666666666666667,2.3333333333333335,9.0,10000,0.0,0.0,0.0,0.0,0.0,0.0
backoff_occ,high_hot16_write100,4,0.0,3,311129.0666666667,0.0,0.0,0,5174.666666666667,3.4066666666666667,2.0,3.0,402.3333333333333,2.0,3.0,402.3333333333333,10000,0.0,0.0,0.0,0.0,0.0,0.0
backoff_occ,high_hot1_write100,1,0.0,3,355116.0333333333,0.0,0.0,0,0,2.3000000000000003,2.0,2.0,4.0,2.0,2.0,4.0,10000,0.0,0.0,0.0,0.0,0.0,0.0
backoff_occ,high_hot1_write100,2,0.0,3,327938.1333333333,0.0,0.0,0,1825.6666666666667,2.5566666666666666,2.0,2.0,3.3333333333333335,2.0,2.0,3.3333333333333335,10000,0.0,0.0,0.0,0.0,0.0,0.0
backoff_occ,high_hot1_write100,4,0.0,3,314197.6666666667,0.0,0.0,0,4597.666666666667,2.76,2.0,2.3333333333333335,257.3333333333333,2.0,2.3333333333333335,257.3333333333333,10000,0.0,0.0,0.0,0.0,0.0,0.0
backoff_occ,long_tail_marketplace_zipf,1,0.0,3,222479.76666666666,0.0,0.0,0,0,1.3966666666666667,0.6666666666666666,2.0,2.6666666666666665,0.6666666666666666,2.0,2.6666666666666665,10000,0.0,0.0,0.0,0.0,0.0,0.0
backoff_occ,long_tail_marketplace_zipf,2,0.0,3,231714.7,0.0,0.0,0,1047.6666666666667,1.68,0.3333333333333333,2.3333333333333335,21.0,0.3333333333333333,2.3333333333333335,21.0,10000,0.0,0.0,0.0,0.0,0.0,0.0
backoff_occ,long_tail_marketplace_zipf,4,0.0,3,228594.06666666668,0.0,0.0,0,3887.6666666666665,2.24,1.0,2.0,2.3333333333333335,1.0,2.0,2.3333333333333335,10000,0.0,0.0,0.0,0.0,0.0,0.0
backoff_occ,low_uniform_read95,1,0.0,3,1130517.5,0.0,0.0,0,0,0.4166666666666667,0.0,0.6666666666666666,2.0,0.0,0.6666666666666666,2.0,10000,0.0,0.0,0.0,0.0,0.0,0.0
backoff_occ,low_uniform_read95,2,0.0,3,1155800.4,0.0,0.0,0,841.6666666666666,0.6033333333333334,0.0,1.0,2.6666666666666665,0.0,1.0,2.6666666666666665,10000,0.0,0.0,0.0,0.0,0.0,0.0
backoff_occ,low_uniform_read95,4,0.0,3,1080276.4333333333,0.0,0.0,0,3808,2.0433333333333334,0.0,2.0,3.6666666666666665,0.0,2.0,3.6666666666666665,10000,0.0,0.0,0.0,0.0,0.0,0.0
backoff_occ,mixed_hot4_write50,1,0.0,3,561614.3333333334,0.0,0.0,0,0,1.3,0.6666666666666666,2.0,2.0,0.6666666666666666,2.0,2.0,10000,0.0,0.0,0.0,0.0,0.0,0.0
backoff_occ,mixed_hot4_write50,2,0.0,3,551449.3,0.0,0.0,0,1167.3333333333333,1.4,0.6666666666666666,2.0,2.0,0.6666666666666666,2.0,2.0,10000,0.0,0.0,0.0,0.0,0.0,0.0
backoff_occ,mixed_hot4_write50,4,0.0,3,532228.4,0.0,0.0,0,3024.3333333333335,1.5666666666666667,0.6666666666666666,2.3333333333333335,76.66666666666667,0.6666666666666666,2.3333333333333335,76.66666666666667,10000,0.0,0.0,0.0,0.0,0.0,0.0
backoff_occ,mixed_uniform_write20,1,0.0,3,803664.5666666667,0.0,0.0,0,0,0.76,0.0,2.0,2.0,0.0,2.0,2.0,10000,0.0,0.0,0.0,0.0,0.0,0.0
backoff_occ,mixed_uniform_write20,2,0.0,3,840653.7333333333,0.0,0.0,0,359,0.8200000000000001,0.0,2.3333333333333335,2.6666666666666665,0.0,2.3333333333333335,2.6666666666666665,10000,0.0,0.0,0.0,0.0,0.0,0.0
backoff_occ,mixed_uniform_write20,4,0.0,3,751730.8333333334,0.0,0.0,0,5869.666666666667,2.11,0.0,2.6666666666666665,38.666666666666664,0.0,2.6666666666666665,38.666666666666664,10000,0.0,0.0,0.0,0.0,0.0,0.0
backoff_occ,ticket_booking_hot_event,1,0.0,3,409426.93333333335,0.0,0.0,0,0,1.95,2.0,2.0,2.3333333333333335,2.0,2.0,2.3333333333333335,10000,0.0,0.0,0.0,0.0,0.0,0.0
backoff_occ,ticket_booking_hot_event,2,0.0,3,414826.76666666666,0.0,0.0,0,835.3333333333334,2.0666666666666664,2.0,2.0,2.3333333333333335,2.0,2.0,2.3333333333333335,10000,0.0,0.0,0.0,0.0,0.0,0.0
backoff_occ,ticket_booking_hot_event,4,0.0,3,396585.0333333333,0.0,0.0,0,3841.3333333333335,2.2666666666666666,2.0,2.0,2.0,2.0,2.0,2.0,10000,0.0,0.0,0.0,0.0,0.0,0.0
backoff_occ,zipf99_write100,1,0.0,3,175336.83333333334,0.0,0.0,0,0,2.5166666666666666,2.0,2.0,3.0,2.0,2.0,3.0,10000,0.0,0.0,0.0,0.0,0.0,0.0
backoff_occ,zipf99_write100,2,0.0,3,182510.36666666667,0.0,0.0,0,975.3333333333334,2.6866666666666665,2.0,2.3333333333333335,65.33333333333333,2.0,2.3333333333333335,65.33333333333333,10000,0.0,0.0,0.0,0.0,0.0,0.0
backoff_occ,zipf99_write100,4,0.0,3,177701.53333333333,0.0,0.0,0,3277,3.1366666666666667,2.0,2.0,3.0,2.0,2.0,3.0,10000,0.0,0.0,0.0,0.0,0.0,0.0
baseline_occ,ad_budget_read_heavy_dashboard,1,0.0,3,1045152.8,0.0,0.0,0,0,0.5033333333333333,0.0,2.0,2.0,0.0,2.0,2.0,10000,0.0,0.0,0.0,0.0,0.0,0.0
baseline_occ,ad_budget_read_heavy_dashboard,2,0.0,3,808061.8333333333,0.0,0.0,0,7462.333333333333,1.3933333333333333,0.0,2.0,3.6666666666666665,0.0,2.0,3.6666666666666665,10000,0.0,0.0,0.0,0.0,0.0,0.0
baseline_occ,ad_budget_read_heavy_dashboard,4,0.0,3,642761.4333333333,0.0,0.0,0,28015.333333333332,2.91,0.0,2.6666666666666665,123.66666666666667,0.0,2.6666666666666665,123.66666666666667,10000,0.0,0.0,0.0,0.0,0.0,0.0
baseline_occ,flash_sale_spike,1,0.0,3,347867.43333333335,0.0,0.0,0,0,2.3633333333333333,2.0,2.0,2.3333333333333335,2.0,2.0,2.3333333333333335,10000,0.0,0.0,0.0,0.0,0.0,0.0
baseline_occ,flash_sale_spike,2,0.0,3,237279.96666666667,0.01,0.01,0,15973,4.0633333333333335,2.0,3.3333333333333335,209.33333333333334,2.0,3.3333333333333335,209.33333333333334,10000,0.0,0.0,0.0,0.0,0.0,0.0
baseline_occ,flash_sale_spike,4,0.0,3,173036.5,0.02,0.02,0,37307.333333333336,6.8533333333333335,2.0,4.0,510.0,2.0,4.0,510.0,10000,0.0,0.0,0.0,0.0,0.0,0.0
baseline_occ,high_hot16_write100,1,0.0,3,335799.06666666665,0.0,0.0,0,0,2.45,2.0,2.0,2.3333333333333335,2.0,2.0,2.3333333333333335,10000,0.0,0.0,0.0,0.0,0.0,0.0
baseline_occ,high_hot16_write100,2,0.0,3,245364.53333333333,0.01,0.01,0,16567.333333333332,4.573333333333333,2.0,3.3333333333333335,180.0,2.0,3.3333333333333335,180.0,10000,0.0,0.0,0.0,0.0,0.0,0.0
baseline_occ,high_hot16_write100,4,0.0,3,231379.33333333334,0.01,0.01,0,26060,8.25,2.0,4.0,467.6666666666667,2.0,4.0,467.6666666666667,10000,0.0,0.0,0.0,0.0,0.0,0.0
baseline_occ,high_hot1_write100,1,0.0,3,345708.8333333334,0.0,0.0,0,0,2.36,2.0,2.0,2.6666666666666665,2.0,2.0,2.6666666666666665,10000,0.0,0.0,0.0,0.0,0.0,0.0
baseline_occ,high_hot1_write100,2,0.0,3,241106.1,0.01,0.01,0,13231,3.5300000000000002,2.0,2.0,108.0,2.0,2.0,108.0,10000,0.0,0.0,0.0,0.0,0.0,0.0
baseline_occ,high_hot1_write100,4,0.0,3,158431.03333333333,0.016666666666666666,0.016666666666666666,0,23966.333333333332,5.956666666666667,2.0,3.0,655.6666666666666,2.0,3.0,655.6666666666666,10000,0.0,0.0,0.0,0.0,0.0,0.0
baseline_occ,long_tail_marketplace_zipf,1,0.0,3,223476.46666666667,0.0,0.0,0,0,1.3933333333333333,0.3333333333333333,2.0,2.3333333333333335,0.3333333333333333,2.0,2.3333333333333335,10000,0.0,0.0,0.0,0.0,0.0,0.0
baseline_occ,long_tail_marketplace_zipf,2,0.0,3,235032.46666666667,0.0,0.0,0,7260.666666666667,3.2933333333333334,2.0,3.0,119.66666666666667,2.0,3.0,119.66666666666667,10000,0.0,0.0,0.0,0.0,0.0,0.0
baseline_occ,long_tail_marketplace_zipf,4,0.0,3,216358.1666666667,0.01,0.01,0,27918.333333333332,6.16,2.0,4.0,405.3333333333333,2.0,4.0,405.3333333333333,10000,0.0,0.0,0.0,0.0,0.0,0.0
baseline_occ,low_uniform_read95,1,0.0,3,1168428.3666666667,0.0,0.0,0,0,0.4,0.0,2.0,2.0,0.0,2.0,2.0,10000,0.0,0.0,0.0,0.0,0.0,0.0
baseline_occ,low_uniform_read95,2,0.0,3,1131141.2666666666,0.0,0.0,0,1983,0.9066666666666667,0.0,2.0,3.3333333333333335,0.0,2.0,3.3333333333333335,10000,0.0,0.0,0.0,0.0,0.0,0.0
baseline_occ,low_uniform_read95,4,0.0,3,991553.8333333334,0.0,0.0,0,3787,2.6166666666666667,0.0,2.0,4.333333333333333,0.0,2.0,4.333333333333333,10000,0.0,0.0,0.0,0.0,0.0,0.0
baseline_occ,mixed_hot4_write50,1,0.0,3,584657.9,0.0,0.0,0,0,1.2533333333333334,0.3333333333333333,2.0,2.0,0.3333333333333333,2.0,2.0,10000,0.0,0.0,0.0,0.0,0.0,0.0
baseline_occ,mixed_hot4_write50,2,0.0,3,386335.1666666667,0.0,0.0,0,14330,2.736666666666667,1.0,2.6666666666666665,81.33333333333333,1.0,2.6666666666666665,81.33333333333333,10000,0.0,0.0,0.0,0.0,0.0,0.0
baseline_occ,mixed_hot4_write50,4,0.0,3,288118.0333333333,0.01,0.01,0,36107,5.1466666666666665,1.0,3.3333333333333335,310.0,1.0,3.3333333333333335,310.0,10000,0.0,0.0,0.0,0.0,0.0,0.0
baseline_occ,mixed_uniform_write20,1,0.0,3,802504.9666666667,0.0,0.0,0,0,0.7666666666666667,0.0,2.0,3.0,0.0,2.0,3.0,10000,0.0,0.0,0.0,0.0,0.0,0.0
baseline_occ,mixed_uniform_write20,2,0.0,3,752914.4666666667,0.0,0.0,0,4709.666666666667,1.5066666666666666,0.0,3.0,4.0,0.0,3.0,4.0,10000,0.0,0.0,0.0,0.0,0.0,0.0
baseline_occ,mixed_uniform_write20,4,0.0,3,697666.3666666667,0.0,0.0,0,10830,3.533333333333333,0.0,3.6666666666666665,58.666666666666664,0.0,3.6666666666666665,58.666666666666664,10000,0.0,0.0,0.0,0.0,0.0,0.0
baseline_occ,ticket_booking_hot_event,1,0.0,3,397137.93333333335,0.0,0.0,0,0,2.01,2.0,2.0,2.0,2.0,2.0,2.0,10000,0.0,0.0,0.0,0.0,0.0,0.0
baseline_occ,ticket_booking_hot_event,2,0.0,3,288515.76666666666,0.006666666666666667,0.006666666666666667,0,14652.666666666666,3.6933333333333334,2.0,3.0,187.33333333333334,2.0,3.0,187.33333333333334,10000,0.0,0.0,0.0,0.0,0.0,0.0
baseline_occ,ticket_booking_hot_event,4,0.0,3,223333.83333333334,0.02,0.02,0,38481.666666666664,6.783333333333333,2.0,27.333333333333332,407.0,2.0,27.333333333333332,407.0,10000,0.0,0.0,0.0,0.0,0.0,0.0
baseline_occ,zipf99_write100,1,0.0,3,177556.9,0.0,0.0,0,0,2.493333333333333,2.0,2.0,3.0,2.0,2.0,3.0,10000,0.0,0.0,0.0,0.0,0.0,0.0
baseline_occ,zipf99_write100,2,0.0,3,177541.7,0.006666666666666667,0.01,0,9109.333333333334,4.873333333333333,2.0,3.3333333333333335,212.33333333333334,2.0,3.3333333333333335,212.33333333333334,10000,0.0,0.0,0.0,0.0,0.0,0.0
baseline_occ,zipf99_write100,4,0.0,3,151712.9,0.02,0.02,0,30684.333333333332,7.566666666666666,2.0,22.666666666666668,577.0,2.0,22.666666666666668,577.0,10000,0.0,0.0,0.0,0.0,0.0,0.0
hybrid_adaptive_arbitration_occ_per_shard_8,ad_budget_read_heavy_dashboard,1,0.0,3,901431.1,0.0,0.0,0,0,0.49666666666666665,0.0,2.0,2.0,0.0,2.0,2.0,10000,0.0,0.0,1.0,1.0,0.0,1.0
hybrid_adaptive_arbitration_occ_per_shard_8,ad_budget_read_heavy_dashboard,2,0.0,3,695192.4,0.0,0.0,0,6470,1.3933333333333333,0.0,2.0,22.0,0.0,2.0,22.0,10000,0.0,0.0,1.0,42.0,0.6666666666666666,1.0
hybrid_adaptive_arbitration_occ_per_shard_8,ad_budget_read_heavy_dashboard,4,0.0,3,573031.8,0.0,0.0,0,22743.333333333332,2.77,0.0,3.0,135.66666666666666,0.0,3.0,135.66666666666666,10000,0.0,0.0,1.0,356.3333333333333,1.3333333333333333,1.0
hybrid_adaptive_arbitration_occ_per_shard_8,flash_sale_spike,1,0.0,3,330743.6,0.0,0.0,0,0,2.3266666666666667,2.0,2.0,3.0,2.0,2.0,3.0,10000,0.0,0.0,1.0,1.0,0.0,1.0
hybrid_adaptive_arbitration_occ_per_shard_8,flash_sale_spike,2,0.0,3,220220.53333333333,0.01,0.01,0,16148,4.1,2.0,3.0,210.66666666666666,2.0,3.0,210.66666666666666,10000,0.0,0.0,1.0,1.0,0.3333333333333333,1.0
hybrid_adaptive_arbitration_occ_per_shard_8,flash_sale_spike,4,0.0,3,168007.7,0.02,0.02,0,36008.666666666664,6.926666666666667,2.0,24.0,590.6666666666666,2.0,24.0,590.6666666666666,10000,0.0,0.0,1.0,1.0,0.3333333333333333,1.0
hybrid_adaptive_arbitration_occ_per_shard_8,high_hot16_write100,1,0.0,3,317069.23333333334,0.0,0.0,0,0,2.4266666666666667,2.0,2.0,2.3333333333333335,2.0,2.0,2.3333333333333335,10000,0.0,0.0,1.0,1.0,0.0,1.0
hybrid_adaptive_arbitration_occ_per_shard_8,high_hot16_write100,2,0.0,3,238735.5,0.01,0.01,0,14118,4.3100000000000005,2.0,3.3333333333333335,162.66666666666666,2.0,3.3333333333333335,162.66666666666666,10000,0.0,0.0,1.0,40.666666666666664,0.6666666666666666,1.0
hybrid_adaptive_arbitration_occ_per_shard_8,high_hot16_write100,4,0.0,3,202515.26666666666,0.02,0.02,0,35303.666666666664,8.11,2.0,6.0,371.6666666666667,2.0,6.0,371.6666666666667,10000,0.0,0.0,1.0,273.3333333333333,2.0,1.0
hybrid_adaptive_arbitration_occ_per_shard_8,high_hot1_write100,1,0.0,3,506516.0,0.0,0.0,0,0,1.63,1.6666666666666667,1.6666666666666667,8.666666666666666,1.6666666666666667,1.6666666666666667,8.666666666666666,10000,0.0,0.0,0.6666666666666666,1.0,0.0,1.0
hybrid_adaptive_arbitration_occ_per_shard_8,high_hot1_write100,2,0.0,3,194820.2,0.01,0.01,0,18848.333333333332,3.9933333333333336,2.0,2.3333333333333335,225.33333333333334,2.0,2.3333333333333335,225.33333333333334,10000,0.0,0.0,1.0,3.3333333333333335,1.0,1.0
hybrid_adaptive_arbitration_occ_per_shard_8,high_hot1_write100,4,0.0,3,260526.83333333334,0.0,0.0,0,7589.333333333333,4.666666666666666,2.0,2.0,9.333333333333334,2.0,2.0,9.333333333333334,10000,0.0,0.0,1.0,344.6666666666667,1.6666666666666667,1.3333333333333333
hybrid_adaptive_arbitration_occ_per_shard_8,long_tail_marketplace_zipf,1,0.0,3,223196.1,0.0,0.0,0,0,1.3666666666666667,1.3333333333333333,2.0,2.6666666666666665,1.3333333333333333,2.0,2.6666666666666665,10000,0.0,0.0,0.0,0.0,0.0,0.0
hybrid_adaptive_arbitration_occ_per_shard_8,long_tail_marketplace_zipf,2,0.0,3,228734.1,0.0,0.0,0,6857.333333333333,3.3600000000000003,1.3333333333333333,3.0,81.66666666666667,1.3333333333333333,3.0,81.66666666666667,10000,0.0,0.0,0.0,0.0,0.0,0.0
hybrid_adaptive_arbitration_occ_per_shard_8,long_tail_marketplace_zipf,4,0.0,3,209778.4,0.01,0.01,0,26699.666666666668,6.18,2.0,4.0,343.3333333333333,2.0,4.0,343.3333333333333,10000,0.0,0.3333333333333333,39.666666666666664,39.666666666666664,0.3333333333333333,1.0
hybrid_adaptive_arbitration_occ_per_shard_8,low_uniform_read95,1,0.0,3,1026309.1333333333,0.0,0.0,0,0,0.41666666666666663,0.0,1.6666666666666667,3.0,0.0,1.6666666666666667,3.0,10000,0.0,0.0,0.0,0.0,0.0,0.0
hybrid_adaptive_arbitration_occ_per_shard_8,low_uniform_read95,2,0.0,3,1048640.3333333335,0.0,0.0,0,1560.3333333333333,0.8166666666666667,0.0,2.0,3.0,0.0,2.0,3.0,10000,0.0,0.0,0.0,0.0,0.0,0.0
hybrid_adaptive_arbitration_occ_per_shard_8,low_uniform_read95,4,0.0,3,932209.5,0.0,0.0,0,2801,1.9466666666666668,0.0,2.0,4.0,0.0,2.0,4.0,10000,0.0,0.0,0.0,0.0,0.0,0.0
hybrid_adaptive_arbitration_occ_per_shard_8,mixed_hot4_write50,1,0.0,3,481240.7,0.0,0.0,0,0,1.3833333333333333,0.6666666666666666,2.0,2.6666666666666665,0.6666666666666666,2.0,2.6666666666666665,10000,0.0,0.0,1.0,1.0,0.0,1.0
hybrid_adaptive_arbitration_occ_per_shard_8,mixed_hot4_write50,2,0.0,3,274609.9666666667,0.0,0.0,0,9128.333333333334,3.74,1.3333333333333333,3.0,127.33333333333333,1.3333333333333333,3.0,127.33333333333333,10000,0.0,0.0,1.0,41.0,0.6666666666666666,1.0
hybrid_adaptive_arbitration_occ_per_shard_8,mixed_hot4_write50,4,0.0,3,261819.2,0.01,0.01,0,24856.666666666668,5.75,2.0,3.3333333333333335,322.0,2.0,3.3333333333333335,322.0,10000,0.0,0.0,1.0,165.66666666666666,1.0,1.3333333333333333
hybrid_adaptive_arbitration_occ_per_shard_8,mixed_uniform_write20,1,0.0,3,743639.7333333334,0.0,0.0,0,0,0.77,0.0,2.0,2.0,0.0,2.0,2.0,10000,0.0,0.0,0.0,0.0,0.0,0.0
hybrid_adaptive_arbitration_occ_per_shard_8,mixed_uniform_write20,2,0.0,3,696031.6666666667,0.0,0.0,0,3753,1.53,0.0,3.0,4.0,0.0,3.0,4.0,10000,0.0,0.3333333333333333,0.3333333333333333,0.3333333333333333,0.0,0.3333333333333333
hybrid_adaptive_arbitration_occ_per_shard_8,mixed_uniform_write20,4,0.0,3,675968.9,0.0,0.0,0,9312.666666666666,3.03,0.0,3.0,29.0,0.0,3.0,29.0,10000,0.0,0.0,0.3333333333333333,0.3333333333333333,0.0,0.3333333333333333
hybrid_adaptive_arbitration_occ_per_shard_8,ticket_booking_hot_event,1,0.0,3,386232.56666666665,0.0,0.0,0,0,1.92,2.0,2.0,2.0,2.0,2.0,2.0,10000,0.0,0.0,1.0,1.0,0.0,1.0
hybrid_adaptive_arbitration_occ_per_shard_8,ticket_booking_hot_event,2,0.0,3,270727.36666666664,0.0033333333333333335,0.0033333333333333335,0,13174,3.723333333333333,2.0,3.0,140.0,2.0,3.0,140.0,10000,0.0,0.0,1.0,1.0,0.6666666666666666,1.0
hybrid_adaptive_arbitration_occ_per_shard_8,ticket_booking_hot_event,4,0.0,3,212949.63333333333,0.02,0.02,0,36392.666666666664,6.873333333333333,2.0,22.0,415.6666666666667,2.0,22.0,415.6666666666667,10000,0.0,0.0,1.0,290.6666666666667,1.0,1.0
hybrid_adaptive_arbitration_occ_per_shard_8,zipf99_write100,1,0.0,3,173616.43333333332,0.0,0.0,0,0,2.506666666666667,2.0,2.0,3.0,2.0,2.0,3.0,10000,0.0,0.0,0.0,0.0,0.0,0.0
hybrid_adaptive_arbitration_occ_per_shard_8,zipf99_write100,2,0.0,3,158979.33333333334,0.01,0.01,0,10735,5.08,2.0,4.0,229.0,2.0,4.0,229.0,10000,0.0,0.0,0.6666666666666666,0.6666666666666666,0.0,0.6666666666666666
hybrid_adaptive_arbitration_occ_per_shard_8,zipf99_write100,4,0.0,3,138068.1,0.02,0.02,0,29683.333333333332,8.753333333333334,2.0,47.333333333333336,593.6666666666666,2.0,47.333333333333336,593.6666666666666,10000,0.0,0.0,1.0,319.3333333333333,0.3333333333333333,1.0
hybrid_static_arbitration_occ_global,ad_budget_read_heavy_dashboard,1,0.0,3,835827.5666666667,0.0,0.0,0,0,0.7166666666666667,0.0,0.0,2.0,0.0,0.0,2.0,10000,0.72,0.0,1.0,1.0,0.0,1.0
hybrid_static_arbitration_occ_global,ad_budget_read_heavy_dashboard,2,0.0,3,609973.7666666667,0.0,0.0,0,13.666666666666666,2.276666666666667,0.0,0.6666666666666666,3.0,0.0,0.6666666666666666,3.0,10000,0.72,0.0,1.0,3.3333333333333335,1.0,1.0
hybrid_static_arbitration_occ_global,ad_budget_read_heavy_dashboard,4,0.0,3,448763.5,0.0,0.0,0,30,6.3133333333333335,0.0,1.6666666666666667,82.33333333333333,0.0,1.6666666666666667,82.33333333333333,10000,0.72,0.0,1.0,227.33333333333334,3.0,1.0
hybrid_static_arbitration_occ_global,flash_sale_spike,1,0.0,3,761919.4666666667,0.0,0.0,0,0,0.8466666666666667,0.0,0.3333333333333333,2.0,0.0,0.3333333333333333,2.0,10000,0.95,0.0,1.0,1.0,0.0,1.0
hybrid_static_arbitration_occ_global,flash_sale_spike,2,0.0,3,514714.4666666667,0.0,0.0,0,40,2.7333333333333334,0.0,2.0,5.333333333333333,0.0,2.0,5.333333333333333,10000,0.95,0.0,1.0,1.0,1.0,1.0
hybrid_static_arbitration_occ_global,flash_sale_spike,4,0.0,3,394704.73333333334,0.0,0.0,0,84.66666666666667,7.403333333333333,0.0,2.0,145.33333333333334,0.0,2.0,145.33333333333334,10000,0.95,0.0,1.0,204.0,3.0,1.0
hybrid_static_arbitration_occ_global,high_hot16_write100,1,0.0,3,792709.9333333333,0.0,0.0,0,0,0.7933333333333333,0.0,0.3333333333333333,0.3333333333333333,0.0,0.3333333333333333,0.3333333333333333,10000,1.0,0.0,1.0,1.0,0.0,1.0
hybrid_static_arbitration_occ_global,high_hot16_write100,2,0.0,3,595038.3333333334,0.0,0.0,0,0,2.4033333333333333,0.0,0.0,1.3333333333333333,0.0,0.0,1.3333333333333333,10000,1.0,0.0,1.0,1.0,1.0,1.0
hybrid_static_arbitration_occ_global,high_hot16_write100,4,0.0,3,427871.36666666664,0.0,0.0,0,0,6.9,0.0,1.0,228.33333333333334,0.0,1.0,228.33333333333334,10000,1.0,0.0,1.0,132.66666666666666,3.0,1.0
hybrid_static_arbitration_occ_global,high_hot1_write100,1,0.0,3,722400.4666666667,0.0,0.0,0,0,0.8866666666666667,0.0,1.6666666666666667,2.0,0.0,1.6666666666666667,2.0,10000,0.95,0.0,1.0,1.0,0.0,1.0
hybrid_static_arbitration_occ_global,high_hot1_write100,2,0.0,3,537674.9666666667,0.0,0.0,0,39.333333333333336,2.63,0.0,2.0,4.0,0.0,2.0,4.0,10000,0.95,0.0,1.0,1.0,1.0,1.0
hybrid_static_arbitration_occ_global,high_hot1_write100,4,0.0,3,410523.2,0.0,0.0,0,97.33333333333333,7.203333333333333,0.0,2.6666666666666665,174.0,0.0,2.6666666666666665,174.0,10000,0.95,0.0,1.0,208.0,3.0,1.0
hybrid_static_arbitration_occ_global,long_tail_marketplace_zipf,1,0.0,3,220501.16666666666,0.0,0.0,0,0,1.4,1.0,2.0,2.6666666666666665,1.0,2.0,2.6666666666666665,10000,0.0,0.0,0.0,0.0,0.0,0.0
hybrid_static_arbitration_occ_global,long_tail_marketplace_zipf,2,0.0,3,236708.03333333333,0.0,0.0,0,6927.666666666667,3.3,1.3333333333333333,3.0,119.0,1.3333333333333333,3.0,119.0,10000,0.0033333333333333335,0.0,0.3333333333333333,0.3333333333333333,0.0,0.3333333333333333
hybrid_static_arbitration_occ_global,long_tail_marketplace_zipf,4,0.0,3,222345.86666666667,0.01,0.01,0,28347.333333333332,5.7,2.0,4.0,292.3333333333333,2.0,4.0,292.3333333333333,10000,0.0,0.0,0.0,0.0,0.0,0.0
hybrid_static_arbitration_occ_global,low_uniform_read95,1,0.0,3,1135648.0666666667,0.0,0.0,0,0,0.4,0.0,2.0,2.0,0.0,2.0,2.0,10000,0.0,0.0,0.0,0.0,0.0,0.0
hybrid_static_arbitration_occ_global,low_uniform_read95,2,0.0,3,1055442.3666666667,0.0,0.0,0,1814.3333333333333,0.9033333333333333,0.0,2.0,3.3333333333333335,0.0,2.0,3.3333333333333335,10000,0.0,0.0,0.0,0.0,0.0,0.0
hybrid_static_arbitration_occ_global,low_uniform_read95,4,0.0,3,872174.1666666667,0.0,0.0,0,2719.3333333333335,2.8766666666666665,0.0,2.0,4.666666666666667,0.0,2.0,4.666666666666667,10000,0.0,0.0,0.0,0.0,0.0,0.0
hybrid_static_arbitration_occ_global,mixed_hot4_write50,1,0.0,3,723908.4333333333,0.0,0.0,0,0,0.8933333333333333,0.0,2.0,2.3333333333333335,0.0,2.0,2.3333333333333335,10000,0.86,0.0,1.0,1.0,0.0,1.0
hybrid_static_arbitration_occ_global,mixed_hot4_write50,2,0.0,3,512391.26666666666,0.0,0.0,0,50.666666666666664,2.743333333333333,0.0,2.0,12.0,0.0,2.0,12.0,10000,0.86,0.0,1.0,1.0,1.0,1.0
hybrid_static_arbitration_occ_global,mixed_hot4_write50,4,0.0,3,395232.3666666667,0.0,0.0,0,111,7.343333333333334,0.0,2.6666666666666665,194.0,0.0,2.6666666666666665,194.0,10000,0.86,0.0,1.0,176.33333333333334,3.0,1.0
hybrid_static_arbitration_occ_global,mixed_uniform_write20,1,0.0,3,787280.9,0.0,0.0,0,0,0.7566666666666667,0.0,2.0,2.0,0.0,2.0,2.0,10000,0.0,0.0,0.0,0.0,0.0,0.0
hybrid_static_arbitration_occ_global,mixed_uniform_write20,2,0.0,3,715941.9666666667,0.0,0.0,0,4361,1.54,0.0,3.0,5.0,0.0,3.0,5.0,10000,0.006666666666666667,0.0,0.3333333333333333,0.3333333333333333,0.0,0.3333333333333333
hybrid_static_arbitration_occ_global,mixed_uniform_write20,4,0.0,3,624757.3333333334,0.0,0.0,0,8901.666666666666,3.916666666666667,0.0,3.3333333333333335,72.66666666666667,0.0,3.3333333333333335,72.66666666666667,10000,0.006666666666666667,0.0,0.3333333333333333,0.3333333333333333,0.0,0.3333333333333333
hybrid_static_arbitration_occ_global,ticket_booking_hot_event,1,0.0,3,730993.1666666666,0.0,0.0,0,0,0.9,0.0,2.0,2.0,0.0,2.0,2.0,10000,0.91,0.0,1.0,1.0,0.0,1.0
hybrid_static_arbitration_occ_global,ticket_booking_hot_event,2,0.0,3,529989.8,0.0,0.0,0,59.333333333333336,2.72,0.0,2.0,37.333333333333336,0.0,2.0,37.333333333333336,10000,0.91,0.0,1.0,1.0,1.0,1.0
hybrid_static_arbitration_occ_global,ticket_booking_hot_event,4,0.0,3,387746.93333333335,0.0,0.0,0,121.66666666666667,7.536666666666666,0.0,2.3333333333333335,155.33333333333334,0.0,2.3333333333333335,155.33333333333334,10000,0.9133333333333333,0.0,1.0,170.66666666666666,3.0,1.0
hybrid_static_arbitration_occ_global,zipf99_write100,1,0.0,3,175190.86666666667,0.0,0.0,0,0,2.506666666666667,2.0,2.0,3.0,2.0,2.0,3.0,10000,0.0,0.0,0.0,0.0,0.0,0.0
hybrid_static_arbitration_occ_global,zipf99_write100,2,0.0,3,175397.76666666666,0.006666666666666667,0.006666666666666667,0,8949,4.846666666666667,2.0,3.6666666666666665,175.0,2.0,3.6666666666666665,175.0,10000,0.11,0.0,0.6666666666666666,87.0,0.3333333333333333,0.6666666666666666
hybrid_static_arbitration_occ_global,zipf99_write100,4,0.0,3,212499.83333333334,0.01,0.01,0,13117.666666666666,9.993333333333332,2.0,5.333333333333333,292.6666666666667,2.0,5.333333333333333,292.6666666666667,10000,0.35,0.0,34.666666666666664,351.0,2.3333333333333335,1.0
hybrid_static_arbitration_occ_per_object,ad_budget_read_heavy_dashboard,1,0.0,3,863452.2333333334,0.0,0.0,0,0,0.69,0.0,0.0,2.0,0.0,0.0,2.0,10000,0.72,0.0,1.0,1.0,0.0,1.0
hybrid_static_arbitration_occ_per_object,ad_budget_read_heavy_dashboard,2,0.0,3,625200.5666666667,0.0,0.0,0,40,2.1533333333333333,0.0,1.0,3.3333333333333335,0.0,1.0,3.3333333333333335,10000,0.72,0.0,1.0,1.0,1.0,1.0
hybrid_static_arbitration_occ_per_object,ad_budget_read_heavy_dashboard,4,0.0,3,504975.63333333336,0.0,0.0,0,75,5.636666666666667,0.0,1.6666666666666667,117.0,0.0,1.6666666666666667,117.0,10000,0.72,0.0,1.0,240.0,2.0,1.0
hybrid_static_arbitration_occ_per_object,flash_sale_spike,1,0.0,3,751897.0666666667,0.0,0.0,0,0,0.8566666666666667,0.0,0.3333333333333333,2.0,0.0,0.3333333333333333,2.0,10000,0.95,0.0,1.0,1.0,0.0,1.0
hybrid_static_arbitration_occ_per_object,flash_sale_spike,2,0.0,3,548907.3,0.0,0.0,0,89.66666666666667,2.5433333333333334,0.0,2.0,4.0,0.0,2.0,4.0,10000,0.95,0.0,1.0,1.0,1.0,1.0
hybrid_static_arbitration_occ_per_object,flash_sale_spike,4,0.0,3,423853.26666666666,0.0,0.0,0,225.33333333333334,6.81,0.0,2.3333333333333335,178.0,0.0,2.3333333333333335,178.0,10000,0.95,0.0,1.0,159.66666666666666,2.3333333333333335,1.0
hybrid_static_arbitration_occ_per_object,high_hot16_write100,1,0.0,3,816660.8666666667,0.0,0.0,0,0,0.76,0.0,0.0,0.0,0.0,0.0,0.0,10000,1.0,0.0,1.0,1.0,0.0,1.0
hybrid_static_arbitration_occ_per_object,high_hot16_write100,2,0.0,3,620366.7,0.0,0.0,0,0,2.16,0.0,1.0,1.3333333333333333,0.0,1.0,1.3333333333333333,10000,1.0,0.0,1.0,1.0,0.0,1.0
hybrid_static_arbitration_occ_per_object,high_hot16_write100,4,0.0,3,551926.6666666667,0.0,0.0,0,0,5.326666666666667,0.0,1.0,119.66666666666667,0.0,1.0,119.66666666666667,10000,1.0,0.0,1.0,117.66666666666667,1.0,1.0
hybrid_static_arbitration_occ_per_object,high_hot1_write100,1,0.0,3,742475.8333333334,0.0,0.0,0,0,0.86,0.0,1.3333333333333333,2.0,0.0,1.3333333333333333,2.0,10000,0.95,0.0,1.0,1.0,0.0,1.0
hybrid_static_arbitration_occ_per_object,high_hot1_write100,2,0.0,3,545491.0,0.0,0.0,0,50,2.6066666666666665,0.0,2.0,4.0,0.0,2.0,4.0,10000,0.95,0.0,1.0,1.0,1.0,1.0
hybrid_static_arbitration_occ_per_object,high_hot1_write100,4,0.0,3,402477.8333333334,0.0,0.0,0,96.66666666666667,7.276666666666666,0.0,2.6666666666666665,208.0,0.0,2.6666666666666665,208.0,10000,0.95,0.0,1.0,156.66666666666666,3.0,1.0
hybrid_static_arbitration_occ_per_object,long_tail_marketplace_zipf,1,0.0,3,218235.8,0.0,0.0,0,0,1.4066666666666665,0.6666666666666666,2.0,2.6666666666666665,0.6666666666666666,2.0,2.6666666666666665,10000,0.0,0.0,0.0,0.0,0.0,0.0
hybrid_static_arbitration_occ_per_object,long_tail_marketplace_zipf,2,0.0,3,236826.9,0.0,0.0,0,7009,3.24,2.0,3.0,91.0,2.0,3.0,91.0,10000,0.0,0.0,0.0,0.0,0.0,0.0
hybrid_static_arbitration_occ_per_object,long_tail_marketplace_zipf,4,0.0,3,244590.63333333333,0.006666666666666667,0.006666666666666667,0,21968.333333333332,5.926666666666667,1.3333333333333333,4.0,284.0,1.3333333333333333,4.0,284.0,10000,0.11333333333333334,0.0,0.6666666666666666,91.66666666666667,0.6666666666666666,0.6666666666666666
hybrid_static_arbitration_occ_per_object,low_uniform_read95,1,0.0,3,1090262.8,0.0,0.0,0,0,0.41333333333333333,0.0,1.0,2.0,0.0,1.0,2.0,10000,0.0,0.0,0.0,0.0,0.0,0.0
hybrid_static_arbitration_occ_per_object,low_uniform_read95,2,0.0,3,1057952.8,0.0,0.0,0,1702.6666666666667,0.9133333333333333,0.0,1.6666666666666667,3.6666666666666665,0.0,1.6666666666666667,3.6666666666666665,10000,0.0,0.0,0.0,0.0,0.0,0.0
hybrid_static_arbitration_occ_per_object,low_uniform_read95,4,0.0,3,888015.2333333333,0.0,0.0,0,2617.3333333333335,2.8833333333333333,0.0,2.0,4.333333333333333,0.0,2.0,4.333333333333333,10000,0.006666666666666667,0.0,0.3333333333333333,0.3333333333333333,0.0,0.3333333333333333
hybrid_static_arbitration_occ_per_object,mixed_hot4_write50,1,0.0,3,738358.4666666667,0.0,0.0,0,0,0.8666666666666667,0.0,2.0,2.0,0.0,2.0,2.0,10000,0.86,0.0,1.0,1.0,0.0,1.0
hybrid_static_arbitration_occ_per_object,mixed_hot4_write50,2,0.0,3,541194.6,0.0,0.0,0,127.66666666666667,2.61,0.0,2.0,41.666666666666664,0.0,2.0,41.666666666666664,10000,0.86,0.0,1.0,3.3333333333333335,1.0,1.0
hybrid_static_arbitration_occ_per_object,mixed_hot4_write50,4,0.0,3,433745.1,0.0,0.0,0,255,6.696666666666667,0.0,2.3333333333333335,158.0,0.0,2.3333333333333335,158.0,10000,0.86,0.0,1.0,236.33333333333334,2.0,1.0
hybrid_static_arbitration_occ_per_object,mixed_uniform_write20,1,0.0,3,799644.1666666667,0.0,0.0,0,0,0.7466666666666667,0.0,2.0,2.0,0.0,2.0,2.0,10000,0.0,0.0,0.0,0.0,0.0,0.0
hybrid_static_arbitration_occ_per_object,mixed_uniform_write20,2,0.0,3,711876.6666666667,0.0,0.0,0,4297.333333333333,1.5566666666666666,0.0,3.0,5.0,0.0,3.0,5.0,10000,0.0,0.0,0.0,0.0,0.0,0.0
hybrid_static_arbitration_occ_per_object,mixed_uniform_write20,4,0.0,3,635541.6666666666,0.0,0.0,0,9090.333333333334,3.856666666666667,0.0,4.0,100.33333333333333,0.0,4.0,100.33333333333333,10000,0.0,0.0,0.0,0.0,0.0,0.0
hybrid_static_arbitration_occ_per_object,ticket_booking_hot_event,1,0.0,3,728596.4666666667,0.0,0.0,0,0,0.8966666666666667,0.0,2.0,2.0,0.0,2.0,2.0,10000,0.91,0.0,1.0,1.0,0.0,1.0
hybrid_static_arbitration_occ_per_object,ticket_booking_hot_event,2,0.0,3,566634.7666666666,0.0,0.0,0,231.33333333333334,2.533333333333333,0.0,2.0,3.6666666666666665,0.0,2.0,3.6666666666666665,10000,0.91,0.0,1.0,1.0,1.0,1.0
hybrid_static_arbitration_occ_per_object,ticket_booking_hot_event,4,0.0,3,468865.43333333335,0.0,0.0,0,519,6.236666666666666,0.0,3.0,233.33333333333334,0.0,3.0,233.33333333333334,10000,0.91,0.0,1.0,150.66666666666666,1.0,1.0
hybrid_static_arbitration_occ_per_object,zipf99_write100,1,0.0,3,177054.56666666665,0.0,0.0,0,0,2.4733333333333336,2.0,2.0,3.0,2.0,2.0,3.0,10000,0.0,0.0,0.0,0.0,0.0,0.0
hybrid_static_arbitration_occ_per_object,zipf99_write100,2,0.0,3,167806.63333333333,0.01,0.01,0,11305.333333333334,4.74,2.0,4.0,182.66666666666666,2.0,4.0,182.66666666666666,10000,0.04,0.0,0.6666666666666666,0.6666666666666666,0.0,0.6666666666666666
hybrid_static_arbitration_occ_per_object,zipf99_write100,4,0.0,3,209660.66666666666,0.01,0.01,0,18235.666666666668,8.69,2.0,5.333333333333333,307.3333333333333,2.0,5.333333333333333,307.3333333333333,10000,0.32333333333333336,0.0,1.0,268.3333333333333,1.6666666666666667,1.0
hybrid_static_arbitration_occ_per_shard_8,ad_budget_read_heavy_dashboard,1,0.0,3,855674.4666666667,0.0,0.0,0,0,0.7033333333333334,0.0,0.0,2.0,0.0,0.0,2.0,10000,0.72,0.0,1.0,1.0,0.0,1.0
hybrid_static_arbitration_occ_per_shard_8,ad_budget_read_heavy_dashboard,2,0.0,3,633563.2666666667,0.0,0.0,0,34.666666666666664,2.1833333333333336,0.0,1.0,3.3333333333333335,0.0,1.0,3.3333333333333335,10000,0.72,0.0,1.0,1.0,1.0,1.0
hybrid_static_arbitration_occ_per_shard_8,ad_budget_read_heavy_dashboard,4,0.0,3,500490.76666666666,0.0,0.0,0,74.33333333333333,5.716666666666667,0.0,1.6666666666666667,155.66666666666666,0.0,1.6666666666666667,155.66666666666666,10000,0.72,0.0,1.0,215.0,2.3333333333333335,1.0
hybrid_static_arbitration_occ_per_shard_8,flash_sale_spike,1,0.0,3,721955.6666666666,0.0,0.0,0,0,0.8933333333333333,0.0,0.0,2.0,0.0,0.0,2.0,10000,0.95,0.0,1.0,1.0,0.0,1.0
hybrid_static_arbitration_occ_per_shard_8,flash_sale_spike,2,0.0,3,551961.5333333333,0.0,0.0,0,83,2.5766666666666667,0.0,2.0,5.666666666666667,0.0,2.0,5.666666666666667,10000,0.95,0.0,1.0,1.0,1.0,1.0
hybrid_static_arbitration_occ_per_shard_8,flash_sale_spike,4,0.0,3,420756.8,0.0,0.0,0,199,6.903333333333333,0.0,2.0,185.33333333333334,0.0,2.0,185.33333333333334,10000,0.95,0.0,1.0,204.33333333333334,2.0,1.0
hybrid_static_arbitration_occ_per_shard_8,high_hot16_write100,1,0.0,3,777937.7333333334,0.0,0.0,0,0,0.8033333333333333,0.0,0.0,0.0,0.0,0.0,0.0,10000,1.0,0.0,1.0,1.0,0.0,1.0
hybrid_static_arbitration_occ_per_shard_8,high_hot16_write100,2,0.0,3,594500.9333333333,0.0,0.0,0,0,2.3266666666666667,0.0,1.0,1.6666666666666667,0.0,1.0,1.6666666666666667,10000,1.0,0.0,1.0,1.0,1.0,1.0
hybrid_static_arbitration_occ_per_shard_8,high_hot16_write100,4,0.0,3,486434.5333333333,0.0,0.0,0,0,5.993333333333333,0.0,1.3333333333333333,151.66666666666666,0.0,1.3333333333333333,151.66666666666666,10000,1.0,0.0,1.0,162.66666666666666,2.0,1.0
hybrid_static_arbitration_occ_per_shard_8,high_hot1_write100,1,0.0,3,734593.4333333333,0.0,0.0,0,0,0.8733333333333333,0.0,1.3333333333333333,2.0,0.0,1.3333333333333333,2.0,10000,0.95,0.0,1.0,1.0,0.0,1.0
hybrid_static_arbitration_occ_per_shard_8,high_hot1_write100,2,0.0,3,552181.6,0.0,0.0,0,41.666666666666664,2.61,0.0,2.0,8.666666666666666,0.0,2.0,8.666666666666666,10000,0.95,0.0,1.0,3.0,1.0,1.0
hybrid_static_arbitration_occ_per_shard_8,high_hot1_write100,4,0.0,3,618964.7333333333,0.0,0.0,0,203.33333333333334,5.04,0.0,3.0,109.66666666666667,0.0,3.0,109.66666666666667,10000,0.95,0.0,1.0,145.0,3.0,1.0
hybrid_static_arbitration_occ_per_shard_8,long_tail_marketplace_zipf,1,0.0,3,223161.2,0.0,0.0,0,0,1.38,0.6666666666666666,2.0,2.3333333333333335,0.6666666666666666,2.0,2.3333333333333335,10000,0.0,0.0,0.0,0.0,0.0,0.0
hybrid_static_arbitration_occ_per_shard_8,long_tail_marketplace_zipf,2,0.0,3,237193.0,0.0,0.0,0,7496.333333333333,3.1533333333333333,1.3333333333333333,3.0,110.66666666666667,1.3333333333333333,3.0,110.66666666666667,10000,0.01,0.0,0.6666666666666666,0.6666666666666666,0.0,0.6666666666666666
hybrid_static_arbitration_occ_per_shard_8,long_tail_marketplace_zipf,4,0.0,3,222736.26666666666,0.01,0.01,0,27458.333333333332,5.823333333333333,1.6666666666666667,3.6666666666666665,316.3333333333333,1.6666666666666667,3.6666666666666665,316.3333333333333,10000,0.043333333333333335,0.0,1.0,79.0,0.3333333333333333,1.0
hybrid_static_arbitration_occ_per_shard_8,low_uniform_read95,1,0.0,3,1150034.5,0.0,0.0,0,0,0.39666666666666667,0.0,0.6666666666666666,2.0,0.0,0.6666666666666666,2.0,10000,0.0,0.0,0.0,0.0,0.0,0.0
hybrid_static_arbitration_occ_per_shard_8,low_uniform_read95,2,0.0,3,1074584.2666666666,0.0,0.0,0,1874.3333333333333,0.8766666666666667,0.0,2.0,4.0,0.0,2.0,4.0,10000,0.0,0.0,0.0,0.0,0.0,0.0
hybrid_static_arbitration_occ_per_shard_8,low_uniform_read95,4,0.0,3,888539.3333333334,0.0,0.0,0,2734.3333333333335,2.8533333333333335,0.0,2.0,4.666666666666667,0.0,2.0,4.666666666666667,10000,0.006666666666666667,0.0,0.3333333333333333,38.333333333333336,0.0,0.3333333333333333
hybrid_static_arbitration_occ_per_shard_8,mixed_hot4_write50,1,0.0,3,728838.9666666667,0.0,0.0,0,0,0.89,0.0,2.0,2.3333333333333335,0.0,2.0,2.3333333333333335,10000,0.86,0.0,1.0,1.0,0.0,1.0
hybrid_static_arbitration_occ_per_shard_8,mixed_hot4_write50,2,0.0,3,535054.2666666667,0.0,0.0,0,122.33333333333333,2.6066666666666665,0.0,2.0,4.0,0.0,2.0,4.0,10000,0.86,0.0,1.0,1.0,1.0,1.0
hybrid_static_arbitration_occ_per_shard_8,mixed_hot4_write50,4,0.0,3,428082.86666666664,0.0,0.0,0,256.3333333333333,6.7700000000000005,0.0,2.6666666666666665,179.0,0.0,2.6666666666666665,179.0,10000,0.86,0.0,1.0,250.33333333333334,2.0,1.0
hybrid_static_arbitration_occ_per_shard_8,mixed_uniform_write20,1,0.0,3,794461.7333333333,0.0,0.0,0,0,0.7533333333333333,0.0,2.0,2.0,0.0,2.0,2.0,10000,0.0,0.0,0.0,0.0,0.0,0.0
hybrid_static_arbitration_occ_per_shard_8,mixed_uniform_write20,2,0.0,3,702653.7333333333,0.0,0.0,0,4219,1.6166666666666667,0.0,3.0,5.0,0.0,3.0,5.0,10000,0.0,0.0,0.0,0.0,0.0,0.0
hybrid_static_arbitration_occ_per_shard_8,mixed_uniform_write20,4,0.0,3,634792.3666666667,0.0,0.0,0,9207,3.856666666666667,0.0,3.6666666666666665,44.333333333333336,0.0,3.6666666666666665,44.333333333333336,10000,0.006666666666666667,0.0,0.3333333333333333,0.6666666666666666,0.0,0.3333333333333333
hybrid_static_arbitration_occ_per_shard_8,ticket_booking_hot_event,1,0.0,3,715026.5333333333,0.0,0.0,0,0,0.9199999999999999,0.0,2.0,2.0,0.0,2.0,2.0,10000,0.91,0.0,1.0,1.0,0.0,1.0
hybrid_static_arbitration_occ_per_shard_8,ticket_booking_hot_event,2,0.0,3,557114.5333333333,0.0,0.0,0,222.33333333333334,2.57,0.0,2.0,4.0,0.0,2.0,4.0,10000,0.91,0.0,1.0,1.0,1.0,1.0
hybrid_static_arbitration_occ_per_shard_8,ticket_booking_hot_event,4,0.0,3,472189.36666666664,0.0,0.0,0,497.6666666666667,6.223333333333334,0.0,2.3333333333333335,131.0,0.0,2.3333333333333335,131.0,10000,0.9133333333333333,0.0,1.0,126.33333333333333,1.6666666666666667,1.0
hybrid_static_arbitration_occ_per_shard_8,zipf99_write100,1,0.0,3,176842.23333333334,0.0,0.0,0,0,2.4766666666666666,2.0,2.0,3.0,2.0,2.0,3.0,10000,0.0,0.0,0.0,0.0,0.0,0.0
hybrid_static_arbitration_occ_per_shard_8,zipf99_write100,2,0.0,3,172786.0,0.006666666666666667,0.006666666666666667,0,9828.666666666666,4.886666666666667,2.0,4.0,226.33333333333334,2.0,4.0,226.33333333333334,10000,0.07333333333333333,0.0,0.6666666666666666,75.0,0.3333333333333333,0.6666666666666666
hybrid_static_arbitration_occ_per_shard_8,zipf99_write100,4,0.0,3,197991.2,0.01,0.01,0,20392.333333333332,8.823333333333334,2.0,4.666666666666667,343.0,2.0,4.666666666666667,343.0,10000,0.25666666666666665,0.0,1.0,271.6666666666667,2.0,1.0
